jenis,seri,varian,sku
JIBBITZ,JIBBITZ CROCS AKRILIK CUSTOM KPOP - CORTIS SERIES,Desain 01,JB-0000001
JIBBITZ,JIBBITZ CROCS AKRILIK CUSTOM KPOP - CORTIS SERIES,Desain 02,JB-0000002
JIBBITZ,JIBBITZ CROCS AKRILIK CUSTOM KPOP - CORTIS SERIES,Desain 03,JB-0000003
JIBBITZ,JIBBITZ CROCS AKRILIK CUSTOM KPOP - CORTIS SERIES,Desain 04,JB-0000004
JIBBITZ,JIBBITZ CROCS AKRILIK CUSTOM KPOP - CORTIS SERIES,Desain 05,JB-0000005
JIBBITZ,JIBBITZ CROCS AKRILIK CUSTOM KPOP - CORTIS SERIES,Desain 06,JB-0000006
JIBBITZ,JIBBITZ CROCS AKRILIK CUSTOM KPOP - CORTIS SERIES,Desain 07,JB-0000007
JIBBITZ,JIBBITZ CROCS AKRILIK CUSTOM KPOP - CORTIS SERIES,Desain 08,JB-0000008
JIBBITZ,JIBBITZ CROCS AKRILIK CUSTOM KPOP - CORTIS SERIES,Desain 09,JB-0000009
JIBBITZ,JIBBITZ CROCS AKRILIK CUSTOM KPOP - CORTIS SERIES,Desain 10,JB-0000010
JIBBITZ,JIBBITZ CROCS AKRILIK CUSTOM KPOP - CORTIS SERIES,Desain 11,JB-0000011
JIBBITZ,JIBBITZ CROCS AKRILIK CUSTOM KPOP - CORTIS SERIES,Desain 12,JB-0000012
JIBBITZ,JIBBITZ CROCS AKRILIK CUSTOM KPOP - CORTIS SERIES,Desain 13,JB-0000013
JIBBITZ,JIBBITZ CROCS AKRILIK CUSTOM KPOP - CORTIS SERIES,Desain 14,JB-0000014
JIBBITZ,JIBBITZ CROCS AKRILIK CUSTOM KPOP - CORTIS SERIES,Desain 15,JB-0000015
JIBBITZ,JIBBITZ CROCS AKRILIK CUSTOM KPOP - CORTIS SERIES,Desain 16,JB-0000016
JIBBITZ,JIBBITZ CROCS AKRILIK CUSTOM KPOP - CORTIS SERIES,Desain 17,JB-0000017
JIBBITZ,JIBBITZ CROCS AKRILIK CUSTOM KPOP - CORTIS SERIES,Desain 18,JB-0000018
JIBBITZ,JIBBITZ CROCS AKRILIK CUSTOM KPOP - CORTIS SERIES,Desain 19,JB-0000019
JIBBITZ,JIBBITZ CROCS AKRILIK CUSTOM KPOP - CORTIS SERIES,Desain 20,JB-0000020
JIBBITZ,JIBBITZ CROCS AKRILIK CUSTOM KPOP - CORTIS SERIES,Desain 21,JB-0000021
JIBBITZ,JIBBITZ CROCS AKRILIK CUSTOM KPOP - CORTIS SERIES,Desain 22,JB-0000022
JIBBITZ,JIBBITZ CROCS AKRILIK CUSTOM KPOP - CORTIS SERIES,Desain 23,JB-0000023
JIBBITZ,JIBBITZ CROCS AKRILIK CUSTOM KPOP - CORTIS SERIES,Desain 24,JB-0000024
JIBBITZ,JIBBITZ CROCS AKRILIK CUSTOM KPOP - CORTIS SERIES,Desain 25,JB-0000025
JIBBITZ,JIBBITZ CROCS AKRILIK CUSTOM KPOP - CORTIS SERIES,Desain 26,JB-0000026
JIBBITZ,JIBBITZ CROCS AKRILIK CUSTOM KPOP - CORTIS SERIES,Desain 27,JB-0000027
JIBBITZ,JIBBITZ CROCS AKRILIK CUSTOM KPOP - CORTIS SERIES,Desain 28,JB-0000028
JIBBITZ,JIBBITZ CROCS AKRILIK CUSTOM KPOP - CORTIS SERIES,Desain 29,JB-0000029
JIBBITZ,JIBBITZ CROCS AKRILIK CUSTOM KPOP - CORTIS SERIES,Desain 30,JB-0000030
JIBBITZ,JIBBITZ CROCS AKRILIK CUSTOM KPOP - CORTIS SERIES,Desain 31,JB-0000031
JIBBITZ,JIBBITZ CROCS AKRILIK CUSTOM KPOP - CORTIS SERIES,Desain 32,JB-0000032
JIBBITZ,JIBBITZ CROCS AKRILIK CUSTOM KPOP - CORTIS SERIES,Desain 33,JB-0000033
JIBBITZ,JIBBITZ CROCS AKRILIK CUSTOM KPOP - CORTIS SERIES,Desain 34,JB-0000034
JIBBITZ,JIBBITZ CROCS AKRILIK CUSTOM KPOP - CORTIS SERIES,Desain 35,JB-0000035
JIBBITZ,JIBBITZ CROCS AKRILIK CUSTOM KPOP - CORTIS SERIES,Desain 36,JB-0000036
JIBBITZ,JIBBITZ CROCS AKRILIK CUSTOM KPOP - CORTIS SERIES,Desain 37,JB-0000037
JIBBITZ,JIBBITZ CROCS AKRILIK CUSTOM KPOP - CORTIS SERIES,Desain 38,JB-0000038
JIBBITZ,JIBBITZ CROCS AKRILIK CUSTOM KPOP - CORTIS SERIES,Desain 39,JB-0000039
JIBBITZ,JIBBITZ CROCS AKRILIK CUSTOM KPOP - CORTIS SERIES,Desain 40,JB-0000040
JIBBITZ,JIBBITZ CROCS AKRILIK CUSTOM KPOP - CORTIS SERIES,Desain 41,JB-0000041
JIBBITZ,JIBBITZ CROCS AKRILIK CUSTOM KPOP - CORTIS SERIES,Desain 42,JB-0000042
JIBBITZ,JIBBITZ CROCS AKRILIK CUSTOM KPOP - CORTIS SERIES,Desain 43,JB-0000043
JIBBITZ,JIBBITZ CROCS AKRILIK CUSTOM KPOP - CORTIS SERIES,Desain 44,JB-0000044
JIBBITZ,JIBBITZ CROCS AKRILIK CUSTOM KPOP - CORTIS SERIES,Desain 45,JB-0000045
JIBBITZ,JIBBITZ CROCS AKRILIK CUSTOM KPOP - CORTIS SERIES,Desain 46,JB-0000046
JIBBITZ,JIBBITZ CROCS AKRILIK CUSTOM KPOP - CORTIS SERIES,Desain 47,JB-0000047
JIBBITZ,JIBBITZ CROCS AKRILIK CUSTOM KPOP - CORTIS SERIES,Desain 48,JB-0000048
JIBBITZ,JIBBITZ CROCS AKRILIK CUSTOM KPOP - CORTIS SERIES,Desain 49,JB-0000049
JIBBITZ,JIBBITZ CROCS AKRILIK CUSTOM KPOP - CORTIS SERIES,Desain 50,JB-0000050
JIBBITZ,JIBBITZ CROCS AKRILIK CUSTOM KPOP - BTS SERIES,Desain 51,JB-0000051
JIBBITZ,JIBBITZ CROCS AKRILIK CUSTOM KPOP - BTS SERIES,Desain 52,JB-0000052
JIBBITZ,JIBBITZ CROCS AKRILIK CUSTOM KPOP - BTS SERIES,Desain 53,JB-0000053
JIBBITZ,JIBBITZ CROCS AKRILIK CUSTOM KPOP - BTS SERIES,Desain 54,JB-0000054
JIBBITZ,JIBBITZ CROCS AKRILIK CUSTOM KPOP - BTS SERIES,Desain 55,JB-0000055
JIBBITZ,JIBBITZ CROCS AKRILIK CUSTOM KPOP - BTS SERIES,Desain 56,JB-0000056
JIBBITZ,JIBBITZ CROCS AKRILIK CUSTOM KPOP - BTS SERIES,Desain 57,JB-0000057
JIBBITZ,JIBBITZ CROCS AKRILIK CUSTOM KPOP - BTS SERIES,Desain 58,JB-0000058
JIBBITZ,JIBBITZ CROCS AKRILIK CUSTOM KPOP - BTS SERIES,Desain 59,JB-0000059
JIBBITZ,JIBBITZ CROCS AKRILIK CUSTOM KPOP - BTS SERIES,Desain 60,JB-0000060
JIBBITZ,JIBBITZ CROCS AKRILIK CUSTOM KPOP - BTS SERIES,Desain 61,JB-0000061
JIBBITZ,JIBBITZ CROCS AKRILIK CUSTOM KPOP - BTS SERIES,Desain 62,JB-0000062
JIBBITZ,JIBBITZ CROCS AKRILIK CUSTOM KPOP - BTS SERIES,Desain 63,JB-0000063
JIBBITZ,JIBBITZ CROCS AKRILIK CUSTOM KPOP - BTS SERIES,Desain 64,JB-0000064
JIBBITZ,JIBBITZ CROCS AKRILIK CUSTOM KPOP - BTS SERIES,Desain 65,JB-0000065
JIBBITZ,JIBBITZ CROCS AKRILIK CUSTOM KPOP - BTS SERIES,Desain 66,JB-0000066
JIBBITZ,JIBBITZ CROCS AKRILIK CUSTOM KPOP - BTS SERIES,Desain 67,JB-0000067
JIBBITZ,JIBBITZ CROCS AKRILIK CUSTOM KPOP - BTS SERIES,Desain 68,JB-0000068
JIBBITZ,JIBBITZ CROCS AKRILIK CUSTOM KPOP - BTS SERIES,Desain 69,JB-0000069
JIBBITZ,JIBBITZ CROCS AKRILIK CUSTOM KPOP - BTS SERIES,Desain 70,JB-0000070
JIBBITZ,JIBBITZ CROCS AKRILIK CUSTOM KPOP - BTS SERIES,Desain 71,JB-0000071
JIBBITZ,JIBBITZ CROCS AKRILIK CUSTOM KPOP - BTS SERIES,Desain 72,JB-0000072
JIBBITZ,JIBBITZ CROCS AKRILIK CUSTOM KPOP - BTS SERIES,Desain 73,JB-0000073
JIBBITZ,JIBBITZ CROCS AKRILIK CUSTOM KPOP - BTS SERIES,Desain 74,JB-0000074
JIBBITZ,JIBBITZ CROCS AKRILIK CUSTOM KPOP - BTS SERIES,Desain 75,JB-0000075
JIBBITZ,JIBBITZ CROCS AKRILIK CUSTOM KPOP - BTS SERIES,Desain 76,JB-0000076
JIBBITZ,JIBBITZ CROCS AKRILIK CUSTOM KPOP - BTS SERIES,Desain 77,JB-0000077
JIBBITZ,JIBBITZ CROCS AKRILIK CUSTOM KPOP - BTS SERIES,Desain 78,JB-0000078
JIBBITZ,JIBBITZ CROCS AKRILIK CUSTOM KPOP - BTS SERIES,Desain 79,JB-0000079
JIBBITZ,JIBBITZ CROCS AKRILIK CUSTOM KPOP - BTS SERIES,Desain 80,JB-0000080
JIBBITZ,JIBBITZ CROCS AKRILIK CUSTOM KPOP - BTS SERIES,Desain 81,JB-0000081
JIBBITZ,JIBBITZ CROCS AKRILIK CUSTOM KPOP - BTS SERIES,Desain 82,JB-0000082
JIBBITZ,JIBBITZ CROCS AKRILIK CUSTOM KPOP - BTS SERIES,Desain 83,JB-0000083
JIBBITZ,JIBBITZ CROCS AKRILIK CUSTOM KPOP - BTS SERIES,Desain 84,JB-0000084
JIBBITZ,JIBBITZ CROCS AKRILIK CUSTOM KPOP - BTS SERIES,Desain 85,JB-0000085
JIBBITZ,JIBBITZ CROCS AKRILIK CUSTOM KPOP - BTS SERIES,Desain 86,JB-0000086
JIBBITZ,JIBBITZ CROCS AKRILIK CUSTOM KPOP - BTS SERIES,Desain 87,JB-0000087
JIBBITZ,JIBBITZ CROCS AKRILIK CUSTOM KPOP - BTS SERIES,Desain 88,JB-0000088
JIBBITZ,JIBBITZ CROCS AKRILIK CUSTOM KPOP - BTS SERIES,Desain 89,JB-0000089
JIBBITZ,JIBBITZ CROCS AKRILIK CUSTOM KPOP - BTS SERIES,Desain 90,JB-0000090
JIBBITZ,JIBBITZ CROCS AKRILIK CUSTOM KPOP - BTS SERIES,Desain 91,JB-0000091
JIBBITZ,JIBBITZ CROCS AKRILIK CUSTOM KPOP - BTS SERIES,Desain 92,JB-0000092
JIBBITZ,JIBBITZ CROCS AKRILIK CUSTOM KPOP - BTS SERIES,Desain 93,JB-0000093
JIBBITZ,JIBBITZ CROCS AKRILIK CUSTOM KPOP - BTS SERIES,Desain 94,JB-0000094
JIBBITZ,JIBBITZ CROCS AKRILIK CUSTOM KPOP - BTS SERIES,Desain 95,JB-0000095
JIBBITZ,JIBBITZ CROCS AKRILIK CUSTOM KPOP - BTS SERIES,Desain 96,JB-0000096
JIBBITZ,JIBBITZ CROCS AKRILIK CUSTOM KPOP - BTS SERIES,Desain 97,JB-0000097
JIBBITZ,JIBBITZ CROCS AKRILIK CUSTOM KPOP - BTS SERIES,Desain 98,JB-0000098
JIBBITZ,JIBBITZ CROCS AKRILIK CUSTOM KPOP - BTS SERIES,Desain 99,JB-0000099
JIBBITZ,JIBBITZ CROCS AKRILIK CUSTOM KPOP - BTS SERIES,Desain 100,JB-0000100
JIBBITZ,JIBBITZ CROCS AKRILIK CUSTOM KPOP - ENHYPEN SERIES,Desain 101,JB-0000101
JIBBITZ,JIBBITZ CROCS AKRILIK CUSTOM KPOP - ENHYPEN SERIES,Desain 102,JB-0000102
JIBBITZ,JIBBITZ CROCS AKRILIK CUSTOM KPOP - ENHYPEN SERIES,Desain 103,JB-0000103
JIBBITZ,JIBBITZ CROCS AKRILIK CUSTOM KPOP - ENHYPEN SERIES,Desain 104,JB-0000104
JIBBITZ,JIBBITZ CROCS AKRILIK CUSTOM KPOP - ENHYPEN SERIES,Desain 105,JB-0000105
JIBBITZ,JIBBITZ CROCS AKRILIK CUSTOM KPOP - ENHYPEN SERIES,Desain 106,JB-0000106
JIBBITZ,JIBBITZ CROCS AKRILIK CUSTOM KPOP - ENHYPEN SERIES,Desain 107,JB-0000107
JIBBITZ,JIBBITZ CROCS AKRILIK CUSTOM KPOP - ENHYPEN SERIES,Desain 108,JB-0000108
JIBBITZ,JIBBITZ CROCS AKRILIK CUSTOM KPOP - ENHYPEN SERIES,Desain 109,JB-0000109
JIBBITZ,JIBBITZ CROCS AKRILIK CUSTOM KPOP - ENHYPEN SERIES,Desain 110,JB-0000110
JIBBITZ,JIBBITZ CROCS AKRILIK CUSTOM KPOP - ENHYPEN SERIES,Desain 111,JB-0000111
JIBBITZ,JIBBITZ CROCS AKRILIK CUSTOM KPOP - ENHYPEN SERIES,Desain 112,JB-0000112
JIBBITZ,JIBBITZ CROCS AKRILIK CUSTOM KPOP - ENHYPEN SERIES,Desain 113,JB-0000113
JIBBITZ,JIBBITZ CROCS AKRILIK CUSTOM KPOP - ENHYPEN SERIES,Desain 114,JB-0000114
JIBBITZ,JIBBITZ CROCS AKRILIK CUSTOM KPOP - ENHYPEN SERIES,Desain 115,JB-0000115
JIBBITZ,JIBBITZ CROCS AKRILIK CUSTOM KPOP - ENHYPEN SERIES,Desain 116,JB-0000116
JIBBITZ,JIBBITZ CROCS AKRILIK CUSTOM KPOP - ENHYPEN SERIES,Desain 117,JB-0000117
JIBBITZ,JIBBITZ CROCS AKRILIK CUSTOM KPOP - ENHYPEN SERIES,Desain 118,JB-0000118
JIBBITZ,JIBBITZ CROCS AKRILIK CUSTOM KPOP - ENHYPEN SERIES,Desain 119,JB-0000119
JIBBITZ,JIBBITZ CROCS AKRILIK CUSTOM KPOP - ENHYPEN SERIES,Desain 120,JB-0000120
JIBBITZ,JIBBITZ CROCS AKRILIK CUSTOM KPOP - ENHYPEN SERIES,Desain 121,JB-0000121
JIBBITZ,JIBBITZ CROCS AKRILIK CUSTOM KPOP - ENHYPEN SERIES,Desain 122,JB-0000122
JIBBITZ,JIBBITZ CROCS AKRILIK CUSTOM KPOP - ENHYPEN SERIES,Desain 123,JB-0000123
JIBBITZ,JIBBITZ CROCS AKRILIK CUSTOM KPOP - ENHYPEN SERIES,Desain 124,JB-0000124
JIBBITZ,JIBBITZ CROCS AKRILIK CUSTOM KPOP - ENHYPEN SERIES,Desain 125,JB-0000125
JIBBITZ,JIBBITZ CROCS AKRILIK CUSTOM KPOP - ENHYPEN SERIES,Desain 126,JB-0000126
JIBBITZ,JIBBITZ CROCS AKRILIK CUSTOM KPOP - ENHYPEN SERIES,Desain 127,JB-0000127
JIBBITZ,JIBBITZ CROCS AKRILIK CUSTOM KPOP - ENHYPEN SERIES,Desain 128,JB-0000128
JIBBITZ,JIBBITZ CROCS AKRILIK CUSTOM KPOP - ENHYPEN SERIES,Desain 129,JB-0000129
JIBBITZ,JIBBITZ CROCS AKRILIK CUSTOM KPOP - ENHYPEN SERIES,Desain 130,JB-0000130
JIBBITZ,JIBBITZ CROCS AKRILIK CUSTOM KPOP - ENHYPEN SERIES,Desain 131,JB-0000131
JIBBITZ,JIBBITZ CROCS AKRILIK CUSTOM KPOP - ENHYPEN SERIES,Desain 132,JB-0000132
JIBBITZ,JIBBITZ CROCS AKRILIK CUSTOM KPOP - ENHYPEN SERIES,Desain 133,JB-0000133
JIBBITZ,JIBBITZ CROCS AKRILIK CUSTOM KPOP - ENHYPEN SERIES,Desain 134,JB-0000134
JIBBITZ,JIBBITZ CROCS AKRILIK CUSTOM KPOP - ENHYPEN SERIES,Desain 135,JB-0000135
JIBBITZ,JIBBITZ CROCS AKRILIK CUSTOM KPOP - ENHYPEN SERIES,Desain 136,JB-0000136
JIBBITZ,JIBBITZ CROCS AKRILIK CUSTOM KPOP - ENHYPEN SERIES,Desain 137,JB-0000137
JIBBITZ,JIBBITZ CROCS AKRILIK CUSTOM KPOP - ENHYPEN SERIES,Desain 138,JB-0000138
JIBBITZ,JIBBITZ CROCS AKRILIK CUSTOM KPOP - ENHYPEN SERIES,Desain 139,JB-0000139
JIBBITZ,JIBBITZ CROCS AKRILIK CUSTOM KPOP - ENHYPEN SERIES,Desain 140,JB-0000140
JIBBITZ,JIBBITZ CROCS AKRILIK CUSTOM KPOP - ENHYPEN SERIES,Desain 141,JB-0000141
JIBBITZ,JIBBITZ CROCS AKRILIK CUSTOM KPOP - ENHYPEN SERIES,Desain 142,JB-0000142
JIBBITZ,JIBBITZ CROCS AKRILIK CUSTOM KPOP - ENHYPEN SERIES,Desain 143,JB-0000143
JIBBITZ,JIBBITZ CROCS AKRILIK CUSTOM KPOP - ENHYPEN SERIES,Desain 144,JB-0000144
JIBBITZ,JIBBITZ CROCS AKRILIK CUSTOM KPOP - ENHYPEN SERIES,Desain 145,JB-0000145
JIBBITZ,JIBBITZ CROCS AKRILIK CUSTOM KPOP - ENHYPEN SERIES,Desain 146,JB-0000146
JIBBITZ,JIBBITZ CROCS AKRILIK CUSTOM KPOP - ENHYPEN SERIES,Desain 147,JB-0000147
JIBBITZ,JIBBITZ CROCS AKRILIK CUSTOM KPOP - ENHYPEN SERIES,Desain 148,JB-0000148
JIBBITZ,JIBBITZ CROCS AKRILIK CUSTOM KPOP - ENHYPEN SERIES,Desain 149,JB-0000149
JIBBITZ,JIBBITZ CROCS AKRILIK CUSTOM KPOP - ENHYPEN SERIES,Desain 150,JB-0000150
JIBBITZ,JIBBITZ CROCS AKRILIK CUSTOM KPOP - BLACKPINK SERIES,Desain 151,JB-0000151
JIBBITZ,JIBBITZ CROCS AKRILIK CUSTOM KPOP - BLACKPINK SERIES,Desain 152,JB-0000152
JIBBITZ,JIBBITZ CROCS AKRILIK CUSTOM KPOP - BLACKPINK SERIES,Desain 153,JB-0000153
JIBBITZ,JIBBITZ CROCS AKRILIK CUSTOM KPOP - BLACKPINK SERIES,Desain 154,JB-0000154
JIBBITZ,JIBBITZ CROCS AKRILIK CUSTOM KPOP - BLACKPINK SERIES,Desain 155,JB-0000155
JIBBITZ,JIBBITZ CROCS AKRILIK CUSTOM KPOP - BLACKPINK SERIES,Desain 156,JB-0000156
JIBBITZ,JIBBITZ CROCS AKRILIK CUSTOM KPOP - BLACKPINK SERIES,Desain 157,JB-0000157
JIBBITZ,JIBBITZ CROCS AKRILIK CUSTOM KPOP - BLACKPINK SERIES,Desain 158,JB-0000158
JIBBITZ,JIBBITZ CROCS AKRILIK CUSTOM KPOP - BLACKPINK SERIES,Desain 159,JB-0000159
JIBBITZ,JIBBITZ CROCS AKRILIK CUSTOM KPOP - BLACKPINK SERIES,Desain 160,JB-0000160
JIBBITZ,JIBBITZ CROCS AKRILIK CUSTOM KPOP - BLACKPINK SERIES,Desain 161,JB-0000161
JIBBITZ,JIBBITZ CROCS AKRILIK CUSTOM KPOP - BLACKPINK SERIES,Desain 162,JB-0000162
JIBBITZ,JIBBITZ CROCS AKRILIK CUSTOM KPOP - BLACKPINK SERIES,Desain 163,JB-0000163
JIBBITZ,JIBBITZ CROCS AKRILIK CUSTOM KPOP - BLACKPINK SERIES,Desain 164,JB-0000164
JIBBITZ,JIBBITZ CROCS AKRILIK CUSTOM KPOP - BLACKPINK SERIES,Desain 165,JB-0000165
JIBBITZ,JIBBITZ CROCS AKRILIK CUSTOM KPOP - BLACKPINK SERIES,Desain 166,JB-0000166
JIBBITZ,JIBBITZ CROCS AKRILIK CUSTOM KPOP - BLACKPINK SERIES,Desain 167,JB-0000167
JIBBITZ,JIBBITZ CROCS AKRILIK CUSTOM KPOP - BLACKPINK SERIES,Desain 168,JB-0000168
JIBBITZ,JIBBITZ CROCS AKRILIK CUSTOM KPOP - BLACKPINK SERIES,Desain 169,JB-0000169
JIBBITZ,JIBBITZ CROCS AKRILIK CUSTOM KPOP - BLACKPINK SERIES,Desain 170,JB-0000170
JIBBITZ,JIBBITZ CROCS AKRILIK CUSTOM KPOP - BLACKPINK SERIES,Desain 171,JB-0000171
JIBBITZ,JIBBITZ CROCS AKRILIK CUSTOM KPOP - BLACKPINK SERIES,Desain 172,JB-0000172
JIBBITZ,JIBBITZ CROCS AKRILIK CUSTOM KPOP - BLACKPINK SERIES,Desain 173,JB-0000173
JIBBITZ,JIBBITZ CROCS AKRILIK CUSTOM KPOP - BLACKPINK SERIES,Desain 174,JB-0000174
JIBBITZ,JIBBITZ CROCS AKRILIK CUSTOM KPOP - BLACKPINK SERIES,Desain 175,JB-0000175
JIBBITZ,JIBBITZ CROCS AKRILIK CUSTOM KPOP - BLACKPINK SERIES,Desain 176,JB-0000176
JIBBITZ,JIBBITZ CROCS AKRILIK CUSTOM KPOP - BLACKPINK SERIES,Desain 177,JB-0000177
JIBBITZ,JIBBITZ CROCS AKRILIK CUSTOM KPOP - BLACKPINK SERIES,Desain 178,JB-0000178
JIBBITZ,JIBBITZ CROCS AKRILIK CUSTOM KPOP - BLACKPINK SERIES,Desain 179,JB-0000179
JIBBITZ,JIBBITZ CROCS AKRILIK CUSTOM KPOP - BLACKPINK SERIES,Desain 180,JB-0000180
JIBBITZ,JIBBITZ CROCS AKRILIK CUSTOM KPOP - BLACKPINK SERIES,Desain 181,JB-0000181
JIBBITZ,JIBBITZ CROCS AKRILIK CUSTOM KPOP - BLACKPINK SERIES,Desain 182,JB-0000182
JIBBITZ,JIBBITZ CROCS AKRILIK CUSTOM KPOP - BLACKPINK SERIES,Desain 183,JB-0000183
JIBBITZ,JIBBITZ CROCS AKRILIK CUSTOM KPOP - BLACKPINK SERIES,Desain 184,JB-0000184
JIBBITZ,JIBBITZ CROCS AKRILIK CUSTOM KPOP - BLACKPINK SERIES,Desain 185,JB-0000185
JIBBITZ,JIBBITZ CROCS AKRILIK CUSTOM KPOP - BLACKPINK SERIES,Desain 186,JB-0000186
JIBBITZ,JIBBITZ CROCS AKRILIK CUSTOM KPOP - BLACKPINK SERIES,Desain 187,JB-0000187
JIBBITZ,JIBBITZ CROCS AKRILIK CUSTOM KPOP - BLACKPINK SERIES,Desain 188,JB-0000188
JIBBITZ,JIBBITZ CROCS AKRILIK CUSTOM KPOP - BLACKPINK SERIES,Desain 189,JB-0000189
JIBBITZ,JIBBITZ CROCS AKRILIK CUSTOM KPOP - BLACKPINK SERIES,Desain 190,JB-0000190
JIBBITZ,JIBBITZ CROCS AKRILIK CUSTOM KPOP - BLACKPINK SERIES,Desain 191,JB-0000191
JIBBITZ,JIBBITZ CROCS AKRILIK CUSTOM KPOP - BLACKPINK SERIES,Desain 192,JB-0000192
JIBBITZ,JIBBITZ CROCS AKRILIK CUSTOM KPOP - BLACKPINK SERIES,Desain 193,JB-0000193
JIBBITZ,JIBBITZ CROCS AKRILIK CUSTOM KPOP - BLACKPINK SERIES,Desain 194,JB-0000194
JIBBITZ,JIBBITZ CROCS AKRILIK CUSTOM KPOP - BLACKPINK SERIES,Desain 195,JB-0000195
JIBBITZ,JIBBITZ CROCS AKRILIK CUSTOM KPOP - BLACKPINK SERIES,Desain 196,JB-0000196
JIBBITZ,JIBBITZ CROCS AKRILIK CUSTOM KPOP - BLACKPINK SERIES,Desain 197,JB-0000197
JIBBITZ,JIBBITZ CROCS AKRILIK CUSTOM KPOP - BLACKPINK SERIES,Desain 198,JB-0000198
JIBBITZ,JIBBITZ CROCS AKRILIK CUSTOM KPOP - BLACKPINK SERIES,Desain 199,JB-0000199
JIBBITZ,JIBBITZ CROCS AKRILIK CUSTOM KPOP - BLACKPINK SERIES,Desain 200,JB-0000200
JIBBITZ,JIBBITZ CROCS AKRILIK CUSTOM KPOP - HEARTS 2 HEARTS SERIES,Desain 201,JB-0000201
JIBBITZ,JIBBITZ CROCS AKRILIK CUSTOM KPOP - HEARTS 2 HEARTS SERIES,Desain 202,JB-0000202
JIBBITZ,JIBBITZ CROCS AKRILIK CUSTOM KPOP - CORTIS SERIES,CUSTOM,JB-CUSTOM-01
JIBBITZ,JIBBITZ CROCS AKRILIK CUSTOM KPOP - BTS SERIES,CUSTOM,JB-CUSTOM-02
JIBBITZ,JIBBITZ CROCS AKRILIK CUSTOM KPOP - ENHYPEN SERIES,CUSTOM,JB-CUSTOM-03
JIBBITZ,JIBBITZ CROCS AKRILIK CUSTOM KPOP - BLACKPINK SERIES,CUSTOM,JB-CUSTOM-04
PIN AKRILIK,PIN AKRILIK CUSTOM KPOP - CORTIS SERIES,Desain 01,PA-0000001
PIN AKRILIK,PIN AKRILIK CUSTOM KPOP - CORTIS SERIES,Desain 02,PA-0000002
PIN AKRILIK,PIN AKRILIK CUSTOM KPOP - CORTIS SERIES,Desain 03,PA-0000003
PIN AKRILIK,PIN AKRILIK CUSTOM KPOP - CORTIS SERIES,Desain 04,PA-0000004
PIN AKRILIK,PIN AKRILIK CUSTOM KPOP - CORTIS SERIES,Desain 05,PA-0000005
PIN AKRILIK,PIN AKRILIK CUSTOM KPOP - CORTIS SERIES,Desain 06,PA-0000006
PIN AKRILIK,PIN AKRILIK CUSTOM KPOP - CORTIS SERIES,Desain 07,PA-0000007
PIN AKRILIK,PIN AKRILIK CUSTOM KPOP - CORTIS SERIES,Desain 08,PA-0000008
PIN AKRILIK,PIN AKRILIK CUSTOM KPOP - CORTIS SERIES,Desain 09,PA-0000009
PIN AKRILIK,PIN AKRILIK CUSTOM KPOP - CORTIS SERIES,Desain 10,PA-0000010
PIN AKRILIK,PIN AKRILIK CUSTOM KPOP - CORTIS SERIES,Desain 11,PA-0000011
PIN AKRILIK,PIN AKRILIK CUSTOM KPOP - CORTIS SERIES,Desain 12,PA-0000012
PIN AKRILIK,PIN AKRILIK CUSTOM KPOP - CORTIS SERIES,Desain 13,PA-0000013
PIN AKRILIK,PIN AKRILIK CUSTOM KPOP - CORTIS SERIES,Desain 14,PA-0000014
PIN AKRILIK,PIN AKRILIK CUSTOM KPOP - CORTIS SERIES,Desain 15,PA-0000015
PIN AKRILIK,PIN AKRILIK CUSTOM KPOP - CORTIS SERIES,Desain 16,PA-0000016
PIN AKRILIK,PIN AKRILIK CUSTOM KPOP - CORTIS SERIES,Desain 17,PA-0000017
PIN AKRILIK,PIN AKRILIK CUSTOM KPOP - CORTIS SERIES,Desain 18,PA-0000018
PIN AKRILIK,PIN AKRILIK CUSTOM KPOP - CORTIS SERIES,Desain 19,PA-0000019
PIN AKRILIK,PIN AKRILIK CUSTOM KPOP - CORTIS SERIES,Desain 20,PA-0000020
PIN AKRILIK,PIN AKRILIK CUSTOM KPOP - CORTIS SERIES,Desain 21,PA-0000021
PIN AKRILIK,PIN AKRILIK CUSTOM KPOP - CORTIS SERIES,Desain 22,PA-0000022
PIN AKRILIK,PIN AKRILIK CUSTOM KPOP - CORTIS SERIES,Desain 23,PA-0000023
PIN AKRILIK,PIN AKRILIK CUSTOM KPOP - CORTIS SERIES,Desain 24,PA-0000024
PIN AKRILIK,PIN AKRILIK CUSTOM KPOP - CORTIS SERIES,Desain 25,PA-0000025
PIN AKRILIK,PIN AKRILIK CUSTOM KPOP - CORTIS SERIES,Desain 26,PA-0000026
PIN AKRILIK,PIN AKRILIK CUSTOM KPOP - CORTIS SERIES,Desain 27,PA-0000027
PIN AKRILIK,PIN AKRILIK CUSTOM KPOP - CORTIS SERIES,Desain 28,PA-0000028
PIN AKRILIK,PIN AKRILIK CUSTOM KPOP - CORTIS SERIES,Desain 29,PA-0000029
PIN AKRILIK,PIN AKRILIK CUSTOM KPOP - CORTIS SERIES,Desain 30,PA-0000030
PIN AKRILIK,PIN AKRILIK CUSTOM KPOP - CORTIS SERIES,Desain 31,PA-0000031
PIN AKRILIK,PIN AKRILIK CUSTOM KPOP - CORTIS SERIES,Desain 32,PA-0000032
PIN AKRILIK,PIN AKRILIK CUSTOM KPOP - CORTIS SERIES,Desain 33,PA-0000033
PIN AKRILIK,PIN AKRILIK CUSTOM KPOP - CORTIS SERIES,Desain 34,PA-0000034
PIN AKRILIK,PIN AKRILIK CUSTOM KPOP - CORTIS SERIES,Desain 35,PA-0000035
PIN AKRILIK,PIN AKRILIK CUSTOM KPOP - CORTIS SERIES,Desain 36,PA-0000036
PIN AKRILIK,PIN AKRILIK CUSTOM KPOP - CORTIS SERIES,Desain 37,PA-0000037
PIN AKRILIK,PIN AKRILIK CUSTOM KPOP - CORTIS SERIES,Desain 38,PA-0000038
PIN AKRILIK,PIN AKRILIK CUSTOM KPOP - CORTIS SERIES,Desain 39,PA-0000039
PIN AKRILIK,PIN AKRILIK CUSTOM KPOP - CORTIS SERIES,Desain 40,PA-0000040
PIN AKRILIK,PIN AKRILIK CUSTOM KPOP - CORTIS SERIES,Desain 41,PA-0000041
PIN AKRILIK,PIN AKRILIK CUSTOM KPOP - CORTIS SERIES,Desain 42,PA-0000042
PIN AKRILIK,PIN AKRILIK CUSTOM KPOP - CORTIS SERIES,Desain 43,PA-0000043
PIN AKRILIK,PIN AKRILIK CUSTOM KPOP - CORTIS SERIES,Desain 44,PA-0000044
PIN AKRILIK,PIN AKRILIK CUSTOM KPOP - CORTIS SERIES,Desain 45,PA-0000045
PIN AKRILIK,PIN AKRILIK CUSTOM KPOP - CORTIS SERIES,Desain 46,PA-0000046
PIN AKRILIK,PIN AKRILIK CUSTOM KPOP - CORTIS SERIES,Desain 47,PA-0000047
PIN AKRILIK,PIN AKRILIK CUSTOM KPOP - CORTIS SERIES,Desain 48,PA-0000048
PIN AKRILIK,PIN AKRILIK CUSTOM KPOP - CORTIS SERIES,Desain 49,PA-0000049
PIN AKRILIK,PIN AKRILIK CUSTOM KPOP - CORTIS SERIES,Desain 50,PA-0000050
PIN AKRILIK,PIN AKRILIK CUSTOM KPOP - BTS SERIES,Desain 51,PA-0000051
PIN AKRILIK,PIN AKRILIK CUSTOM KPOP - BTS SERIES,Desain 52,PA-0000052
PIN AKRILIK,PIN AKRILIK CUSTOM KPOP - BTS SERIES,Desain 53,PA-0000053
PIN AKRILIK,PIN AKRILIK CUSTOM KPOP - BTS SERIES,Desain 54,PA-0000054
PIN AKRILIK,PIN AKRILIK CUSTOM KPOP - BTS SERIES,Desain 55,PA-0000055
PIN AKRILIK,PIN AKRILIK CUSTOM KPOP - BTS SERIES,Desain 56,PA-0000056
PIN AKRILIK,PIN AKRILIK CUSTOM KPOP - BTS SERIES,Desain 57,PA-0000057
PIN AKRILIK,PIN AKRILIK CUSTOM KPOP - BTS SERIES,Desain 58,PA-0000058
PIN AKRILIK,PIN AKRILIK CUSTOM KPOP - BTS SERIES,Desain 59,PA-0000059
PIN AKRILIK,PIN AKRILIK CUSTOM KPOP - BTS SERIES,Desain 60,PA-0000060
PIN AKRILIK,PIN AKRILIK CUSTOM KPOP - BTS SERIES,Desain 61,PA-0000061
PIN AKRILIK,PIN AKRILIK CUSTOM KPOP - BTS SERIES,Desain 62,PA-0000062
PIN AKRILIK,PIN AKRILIK CUSTOM KPOP - BTS SERIES,Desain 63,PA-0000063
PIN AKRILIK,PIN AKRILIK CUSTOM KPOP - BTS SERIES,Desain 64,PA-0000064
PIN AKRILIK,PIN AKRILIK CUSTOM KPOP - BTS SERIES,Desain 65,PA-0000065
PIN AKRILIK,PIN AKRILIK CUSTOM KPOP - BTS SERIES,Desain 66,PA-0000066
PIN AKRILIK,PIN AKRILIK CUSTOM KPOP - BTS SERIES,Desain 67,PA-0000067
PIN AKRILIK,PIN AKRILIK CUSTOM KPOP - BTS SERIES,Desain 68,PA-0000068
PIN AKRILIK,PIN AKRILIK CUSTOM KPOP - BTS SERIES,Desain 69,PA-0000069
PIN AKRILIK,PIN AKRILIK CUSTOM KPOP - BTS SERIES,Desain 70,PA-0000070
PIN AKRILIK,PIN AKRILIK CUSTOM KPOP - BTS SERIES,Desain 71,PA-0000071
PIN AKRILIK,PIN AKRILIK CUSTOM KPOP - BTS SERIES,Desain 72,PA-0000072
PIN AKRILIK,PIN AKRILIK CUSTOM KPOP - BTS SERIES,Desain 73,PA-0000073
PIN AKRILIK,PIN AKRILIK CUSTOM KPOP - BTS SERIES,Desain 74,PA-0000074
PIN AKRILIK,PIN AKRILIK CUSTOM KPOP - BTS SERIES,Desain 75,PA-0000075
PIN AKRILIK,PIN AKRILIK CUSTOM KPOP - BTS SERIES,Desain 76,PA-0000076
PIN AKRILIK,PIN AKRILIK CUSTOM KPOP - BTS SERIES,Desain 77,PA-0000077
PIN AKRILIK,PIN AKRILIK CUSTOM KPOP - BTS SERIES,Desain 78,PA-0000078
PIN AKRILIK,PIN AKRILIK CUSTOM KPOP - BTS SERIES,Desain 79,PA-0000079
PIN AKRILIK,PIN AKRILIK CUSTOM KPOP - BTS SERIES,Desain 80,PA-0000080
PIN AKRILIK,PIN AKRILIK CUSTOM KPOP - BTS SERIES,Desain 81,PA-0000081
PIN AKRILIK,PIN AKRILIK CUSTOM KPOP - BTS SERIES,Desain 82,PA-0000082
PIN AKRILIK,PIN AKRILIK CUSTOM KPOP - BTS SERIES,Desain 83,PA-0000083
PIN AKRILIK,PIN AKRILIK CUSTOM KPOP - BTS SERIES,Desain 84,PA-0000084
PIN AKRILIK,PIN AKRILIK CUSTOM KPOP - BTS SERIES,Desain 85,PA-0000085
PIN AKRILIK,PIN AKRILIK CUSTOM KPOP - BTS SERIES,Desain 86,PA-0000086
PIN AKRILIK,PIN AKRILIK CUSTOM KPOP - BTS SERIES,Desain 87,PA-0000087
PIN AKRILIK,PIN AKRILIK CUSTOM KPOP - BTS SERIES,Desain 88,PA-0000088
PIN AKRILIK,PIN AKRILIK CUSTOM KPOP - BTS SERIES,Desain 89,PA-0000089
PIN AKRILIK,PIN AKRILIK CUSTOM KPOP - BTS SERIES,Desain 90,PA-0000090
PIN AKRILIK,PIN AKRILIK CUSTOM KPOP - BTS SERIES,Desain 91,PA-0000091
PIN AKRILIK,PIN AKRILIK CUSTOM KPOP - BTS SERIES,Desain 92,PA-0000092
PIN AKRILIK,PIN AKRILIK CUSTOM KPOP - BTS SERIES,Desain 93,PA-0000093
PIN AKRILIK,PIN AKRILIK CUSTOM KPOP - BTS SERIES,Desain 94,PA-0000094
PIN AKRILIK,PIN AKRILIK CUSTOM KPOP - BTS SERIES,Desain 95,PA-0000095
PIN AKRILIK,PIN AKRILIK CUSTOM KPOP - BTS SERIES,Desain 96,PA-0000096
PIN AKRILIK,PIN AKRILIK CUSTOM KPOP - BTS SERIES,Desain 97,PA-0000097
PIN AKRILIK,PIN AKRILIK CUSTOM KPOP - BTS SERIES,Desain 98,PA-0000098
PIN AKRILIK,PIN AKRILIK CUSTOM KPOP - BTS SERIES,Desain 99,PA-0000099
PIN AKRILIK,PIN AKRILIK CUSTOM KPOP - BTS SERIES,Desain 100,PA-0000100
PIN AKRILIK,PIN AKRILIK CUSTOM KPOP - ENHYPEN SERIES,Desain 101,PA-0000101
PIN AKRILIK,PIN AKRILIK CUSTOM KPOP - ENHYPEN SERIES,Desain 102,PA-0000102
PIN AKRILIK,PIN AKRILIK CUSTOM KPOP - ENHYPEN SERIES,Desain 103,PA-0000103
PIN AKRILIK,PIN AKRILIK CUSTOM KPOP - ENHYPEN SERIES,Desain 104,PA-0000104
PIN AKRILIK,PIN AKRILIK CUSTOM KPOP - ENHYPEN SERIES,Desain 105,PA-0000105
PIN AKRILIK,PIN AKRILIK CUSTOM KPOP - ENHYPEN SERIES,Desain 106,PA-0000106
PIN AKRILIK,PIN AKRILIK CUSTOM KPOP - ENHYPEN SERIES,Desain 107,PA-0000107
PIN AKRILIK,PIN AKRILIK CUSTOM KPOP - ENHYPEN SERIES,Desain 108,PA-0000108
PIN AKRILIK,PIN AKRILIK CUSTOM KPOP - ENHYPEN SERIES,Desain 109,PA-0000109
PIN AKRILIK,PIN AKRILIK CUSTOM KPOP - ENHYPEN SERIES,Desain 110,PA-0000110
PIN AKRILIK,PIN AKRILIK CUSTOM KPOP - ENHYPEN SERIES,Desain 111,PA-0000111
PIN AKRILIK,PIN AKRILIK CUSTOM KPOP - ENHYPEN SERIES,Desain 112,PA-0000112
PIN AKRILIK,PIN AKRILIK CUSTOM KPOP - ENHYPEN SERIES,Desain 113,PA-0000113
PIN AKRILIK,PIN AKRILIK CUSTOM KPOP - ENHYPEN SERIES,Desain 114,PA-0000114
PIN AKRILIK,PIN AKRILIK CUSTOM KPOP - ENHYPEN SERIES,Desain 115,PA-0000115
PIN AKRILIK,PIN AKRILIK CUSTOM KPOP - ENHYPEN SERIES,Desain 116,PA-0000116
PIN AKRILIK,PIN AKRILIK CUSTOM KPOP - ENHYPEN SERIES,Desain 117,PA-0000117
PIN AKRILIK,PIN AKRILIK CUSTOM KPOP - ENHYPEN SERIES,Desain 118,PA-0000118
PIN AKRILIK,PIN AKRILIK CUSTOM KPOP - ENHYPEN SERIES,Desain 119,PA-0000119
PIN AKRILIK,PIN AKRILIK CUSTOM KPOP - ENHYPEN SERIES,Desain 120,PA-0000120
PIN AKRILIK,PIN AKRILIK CUSTOM KPOP - ENHYPEN SERIES,Desain 121,PA-0000121
PIN AKRILIK,PIN AKRILIK CUSTOM KPOP - ENHYPEN SERIES,Desain 122,PA-0000122
PIN AKRILIK,PIN AKRILIK CUSTOM KPOP - ENHYPEN SERIES,Desain 123,PA-0000123
PIN AKRILIK,PIN AKRILIK CUSTOM KPOP - ENHYPEN SERIES,Desain 124,PA-0000124
PIN AKRILIK,PIN AKRILIK CUSTOM KPOP - ENHYPEN SERIES,Desain 125,PA-0000125
PIN AKRILIK,PIN AKRILIK CUSTOM KPOP - ENHYPEN SERIES,Desain 126,PA-0000126
PIN AKRILIK,PIN AKRILIK CUSTOM KPOP - ENHYPEN SERIES,Desain 127,PA-0000127
PIN AKRILIK,PIN AKRILIK CUSTOM KPOP - ENHYPEN SERIES,Desain 128,PA-0000128
PIN AKRILIK,PIN AKRILIK CUSTOM KPOP - ENHYPEN SERIES,Desain 129,PA-0000129
PIN AKRILIK,PIN AKRILIK CUSTOM KPOP - ENHYPEN SERIES,Desain 130,PA-0000130
PIN AKRILIK,PIN AKRILIK CUSTOM KPOP - ENHYPEN SERIES,Desain 131,PA-0000131
PIN AKRILIK,PIN AKRILIK CUSTOM KPOP - ENHYPEN SERIES,Desain 132,PA-0000132
PIN AKRILIK,PIN AKRILIK CUSTOM KPOP - ENHYPEN SERIES,Desain 133,PA-0000133
PIN AKRILIK,PIN AKRILIK CUSTOM KPOP - ENHYPEN SERIES,Desain 134,PA-0000134
PIN AKRILIK,PIN AKRILIK CUSTOM KPOP - ENHYPEN SERIES,Desain 135,PA-0000135
PIN AKRILIK,PIN AKRILIK CUSTOM KPOP - ENHYPEN SERIES,Desain 136,PA-0000136
PIN AKRILIK,PIN AKRILIK CUSTOM KPOP - ENHYPEN SERIES,Desain 137,PA-0000137
PIN AKRILIK,PIN AKRILIK CUSTOM KPOP - ENHYPEN SERIES,Desain 138,PA-0000138
PIN AKRILIK,PIN AKRILIK CUSTOM KPOP - ENHYPEN SERIES,Desain 139,PA-0000139
PIN AKRILIK,PIN AKRILIK CUSTOM KPOP - ENHYPEN SERIES,Desain 140,PA-0000140
PIN AKRILIK,PIN AKRILIK CUSTOM KPOP - ENHYPEN SERIES,Desain 141,PA-0000141
PIN AKRILIK,PIN AKRILIK CUSTOM KPOP - ENHYPEN SERIES,Desain 142,PA-0000142
PIN AKRILIK,PIN AKRILIK CUSTOM KPOP - ENHYPEN SERIES,Desain 143,PA-0000143
PIN AKRILIK,PIN AKRILIK CUSTOM KPOP - ENHYPEN SERIES,Desain 144,PA-0000144
PIN AKRILIK,PIN AKRILIK CUSTOM KPOP - ENHYPEN SERIES,Desain 145,PA-0000145
PIN AKRILIK,PIN AKRILIK CUSTOM KPOP - ENHYPEN SERIES,Desain 146,PA-0000146
PIN AKRILIK,PIN AKRILIK CUSTOM KPOP - ENHYPEN SERIES,Desain 147,PA-0000147
PIN AKRILIK,PIN AKRILIK CUSTOM KPOP - ENHYPEN SERIES,Desain 148,PA-0000148
PIN AKRILIK,PIN AKRILIK CUSTOM KPOP - ENHYPEN SERIES,Desain 149,PA-0000149
PIN AKRILIK,PIN AKRILIK CUSTOM KPOP - ENHYPEN SERIES,Desain 150,PA-0000150
PIN AKRILIK,PIN AKRILIK CUSTOM KPOP - BLACKPINK SERIES,Desain 151,PA-0000151
PIN AKRILIK,PIN AKRILIK CUSTOM KPOP - BLACKPINK SERIES,Desain 152,PA-0000152
PIN AKRILIK,PIN AKRILIK CUSTOM KPOP - BLACKPINK SERIES,Desain 153,PA-0000153
PIN AKRILIK,PIN AKRILIK CUSTOM KPOP - BLACKPINK SERIES,Desain 154,PA-0000154
PIN AKRILIK,PIN AKRILIK CUSTOM KPOP - BLACKPINK SERIES,Desain 155,PA-0000155
PIN AKRILIK,PIN AKRILIK CUSTOM KPOP - BLACKPINK SERIES,Desain 156,PA-0000156
PIN AKRILIK,PIN AKRILIK CUSTOM KPOP - BLACKPINK SERIES,Desain 157,PA-0000157
PIN AKRILIK,PIN AKRILIK CUSTOM KPOP - BLACKPINK SERIES,Desain 158,PA-0000158
PIN AKRILIK,PIN AKRILIK CUSTOM KPOP - BLACKPINK SERIES,Desain 159,PA-0000159
PIN AKRILIK,PIN AKRILIK CUSTOM KPOP - BLACKPINK SERIES,Desain 160,PA-0000160
PIN AKRILIK,PIN AKRILIK CUSTOM KPOP - BLACKPINK SERIES,Desain 161,PA-0000161
PIN AKRILIK,PIN AKRILIK CUSTOM KPOP - BLACKPINK SERIES,Desain 162,PA-0000162
PIN AKRILIK,PIN AKRILIK CUSTOM KPOP - BLACKPINK SERIES,Desain 163,PA-0000163
PIN AKRILIK,PIN AKRILIK CUSTOM KPOP - BLACKPINK SERIES,Desain 164,PA-0000164
PIN AKRILIK,PIN AKRILIK CUSTOM KPOP - BLACKPINK SERIES,Desain 165,PA-0000165
PIN AKRILIK,PIN AKRILIK CUSTOM KPOP - BLACKPINK SERIES,Desain 166,PA-0000166
PIN AKRILIK,PIN AKRILIK CUSTOM KPOP - BLACKPINK SERIES,Desain 167,PA-0000167
PIN AKRILIK,PIN AKRILIK CUSTOM KPOP - BLACKPINK SERIES,Desain 168,PA-0000168
PIN AKRILIK,PIN AKRILIK CUSTOM KPOP - BLACKPINK SERIES,Desain 169,PA-0000169
PIN AKRILIK,PIN AKRILIK CUSTOM KPOP - BLACKPINK SERIES,Desain 170,PA-0000170
PIN AKRILIK,PIN AKRILIK CUSTOM KPOP - BLACKPINK SERIES,Desain 171,PA-0000171
PIN AKRILIK,PIN AKRILIK CUSTOM KPOP - BLACKPINK SERIES,Desain 172,PA-0000172
PIN AKRILIK,PIN AKRILIK CUSTOM KPOP - BLACKPINK SERIES,Desain 173,PA-0000173
PIN AKRILIK,PIN AKRILIK CUSTOM KPOP - BLACKPINK SERIES,Desain 174,PA-0000174
PIN AKRILIK,PIN AKRILIK CUSTOM KPOP - BLACKPINK SERIES,Desain 175,PA-0000175
PIN AKRILIK,PIN AKRILIK CUSTOM KPOP - BLACKPINK SERIES,Desain 176,PA-0000176
PIN AKRILIK,PIN AKRILIK CUSTOM KPOP - BLACKPINK SERIES,Desain 177,PA-0000177
PIN AKRILIK,PIN AKRILIK CUSTOM KPOP - BLACKPINK SERIES,Desain 178,PA-0000178
PIN AKRILIK,PIN AKRILIK CUSTOM KPOP - BLACKPINK SERIES,Desain 179,PA-0000179
PIN AKRILIK,PIN AKRILIK CUSTOM KPOP - BLACKPINK SERIES,Desain 180,PA-0000180
PIN AKRILIK,PIN AKRILIK CUSTOM KPOP - BLACKPINK SERIES,Desain 181,PA-0000181
PIN AKRILIK,PIN AKRILIK CUSTOM KPOP - BLACKPINK SERIES,Desain 182,PA-0000182
PIN AKRILIK,PIN AKRILIK CUSTOM KPOP - BLACKPINK SERIES,Desain 183,PA-0000183
PIN AKRILIK,PIN AKRILIK CUSTOM KPOP - BLACKPINK SERIES,Desain 184,PA-0000184
PIN AKRILIK,PIN AKRILIK CUSTOM KPOP - BLACKPINK SERIES,Desain 185,PA-0000185
PIN AKRILIK,PIN AKRILIK CUSTOM KPOP - BLACKPINK SERIES,Desain 186,PA-0000186
PIN AKRILIK,PIN AKRILIK CUSTOM KPOP - BLACKPINK SERIES,Desain 187,PA-0000187
PIN AKRILIK,PIN AKRILIK CUSTOM KPOP - BLACKPINK SERIES,Desain 188,PA-0000188
PIN AKRILIK,PIN AKRILIK CUSTOM KPOP - BLACKPINK SERIES,Desain 189,PA-0000189
PIN AKRILIK,PIN AKRILIK CUSTOM KPOP - BLACKPINK SERIES,Desain 190,PA-0000190
PIN AKRILIK,PIN AKRILIK CUSTOM KPOP - BLACKPINK SERIES,Desain 191,PA-0000191
PIN AKRILIK,PIN AKRILIK CUSTOM KPOP - BLACKPINK SERIES,Desain 192,PA-0000192
PIN AKRILIK,PIN AKRILIK CUSTOM KPOP - BLACKPINK SERIES,Desain 193,PA-0000193
PIN AKRILIK,PIN AKRILIK CUSTOM KPOP - BLACKPINK SERIES,Desain 194,PA-0000194
PIN AKRILIK,PIN AKRILIK CUSTOM KPOP - BLACKPINK SERIES,Desain 195,PA-0000195
PIN AKRILIK,PIN AKRILIK CUSTOM KPOP - BLACKPINK SERIES,Desain 196,PA-0000196
PIN AKRILIK,PIN AKRILIK CUSTOM KPOP - BLACKPINK SERIES,Desain 197,PA-0000197
PIN AKRILIK,PIN AKRILIK CUSTOM KPOP - BLACKPINK SERIES,Desain 198,PA-0000198
PIN AKRILIK,PIN AKRILIK CUSTOM KPOP - BLACKPINK SERIES,Desain 199,PA-0000199
PIN AKRILIK,PIN AKRILIK CUSTOM KPOP - BLACKPINK SERIES,Desain 200,PA-0000200
PIN AKRILIK,PIN AKRILIK CUSTOM KPOP - HEARTS 2 HEARTS SERIES,Desain 201,PA-0000201
PIN AKRILIK,PIN AKRILIK CUSTOM KPOP - HEARTS 2 HEARTS SERIES,Desain 202,PA-0000202
PIN AKRILIK,PIN AKRILIK CUSTOM KPOP - HEARTS 2 HEARTS SERIES,Desain 203,PA-0000203
PIN AKRILIK,PIN AKRILIK CUSTOM KPOP - HEARTS 2 HEARTS SERIES,Desain 204,PA-0000204
PIN AKRILIK,PIN AKRILIK CUSTOM KPOP - HEARTS 2 HEARTS SERIES,Desain 205,PA-0000205
PIN AKRILIK,PIN AKRILIK CUSTOM KPOP - HEARTS 2 HEARTS SERIES,Desain 206,PA-0000206
PIN AKRILIK,PIN AKRILIK CUSTOM KPOP - HEARTS 2 HEARTS SERIES,Desain 207,PA-0000207
PIN AKRILIK,PIN AKRILIK CUSTOM KPOP - HEARTS 2 HEARTS SERIES,Desain 208,PA-0000208
PIN AKRILIK,PIN AKRILIK CUSTOM KPOP - HEARTS 2 HEARTS SERIES,Desain 209,PA-0000209
PIN AKRILIK,PIN AKRILIK CUSTOM KPOP - HEARTS 2 HEARTS SERIES,Desain 210,PA-0000210
PIN AKRILIK,PIN AKRILIK CUSTOM KPOP - HEARTS 2 HEARTS SERIES,Desain 211,PA-0000211
PIN AKRILIK,PIN AKRILIK CUSTOM KPOP - HEARTS 2 HEARTS SERIES,Desain 212,PA-0000212
PIN AKRILIK,PIN AKRILIK CUSTOM KPOP - HEARTS 2 HEARTS SERIES,Desain 213,PA-0000213
PIN AKRILIK,PIN AKRILIK CUSTOM KPOP - HEARTS 2 HEARTS SERIES,Desain 214,PA-0000214
PIN AKRILIK,PIN AKRILIK CUSTOM KPOP - HEARTS 2 HEARTS SERIES,Desain 215,PA-0000215
PIN AKRILIK,PIN AKRILIK CUSTOM KPOP - HEARTS 2 HEARTS SERIES,Desain 216,PA-0000216
PIN AKRILIK,PIN AKRILIK CUSTOM KPOP - HEARTS 2 HEARTS SERIES,Desain 217,PA-0000217
PIN AKRILIK,PIN AKRILIK CUSTOM KPOP - HEARTS 2 HEARTS SERIES,Desain 218,PA-0000218
PIN AKRILIK,PIN AKRILIK CUSTOM KPOP - HEARTS 2 HEARTS SERIES,Desain 219,PA-0000219
PIN AKRILIK,PIN AKRILIK CUSTOM KPOP - HEARTS 2 HEARTS SERIES,Desain 220,PA-0000220
PIN AKRILIK,PIN AKRILIK CUSTOM KPOP - HEARTS 2 HEARTS SERIES,Desain 221,PA-0000221
PIN AKRILIK,PIN AKRILIK CUSTOM KPOP - HEARTS 2 HEARTS SERIES,Desain 222,PA-0000222
PIN AKRILIK,PIN AKRILIK CUSTOM KPOP - HEARTS 2 HEARTS SERIES,Desain 223,PA-0000223
PIN AKRILIK,PIN AKRILIK CUSTOM KPOP - HEARTS 2 HEARTS SERIES,Desain 224,PA-0000224
PIN AKRILIK,PIN AKRILIK CUSTOM KPOP - HEARTS 2 HEARTS SERIES,Desain 225,PA-0000225
PIN AKRILIK,PIN AKRILIK CUSTOM KPOP - HEARTS 2 HEARTS SERIES,Desain 226,PA-0000226
PIN AKRILIK,PIN AKRILIK CUSTOM KPOP - HEARTS 2 HEARTS SERIES,Desain 227,PA-0000227
PIN AKRILIK,PIN AKRILIK CUSTOM KPOP - HEARTS 2 HEARTS SERIES,Desain 228,PA-0000228
PIN AKRILIK,PIN AKRILIK CUSTOM KPOP - HEARTS 2 HEARTS SERIES,Desain 229,PA-0000229
PIN AKRILIK,PIN AKRILIK CUSTOM KPOP - HEARTS 2 HEARTS SERIES,Desain 230,PA-0000230
PIN AKRILIK,PIN AKRILIK CUSTOM KPOP - HEARTS 2 HEARTS SERIES,Desain 231,PA-0000231
PIN AKRILIK,PIN AKRILIK CUSTOM KPOP - HEARTS 2 HEARTS SERIES,Desain 232,PA-0000232
PIN AKRILIK,PIN AKRILIK CUSTOM KPOP - HEARTS 2 HEARTS SERIES,Desain 233,PA-0000233
PIN AKRILIK,PIN AKRILIK CUSTOM KPOP - HEARTS 2 HEARTS SERIES,Desain 234,PA-0000234
PIN AKRILIK,PIN AKRILIK CUSTOM KPOP - HEARTS 2 HEARTS SERIES,Desain 235,PA-0000235
PIN AKRILIK,PIN AKRILIK CUSTOM KPOP - HEARTS 2 HEARTS SERIES,Desain 236,PA-0000236
PIN AKRILIK,PIN AKRILIK CUSTOM KPOP - HEARTS 2 HEARTS SERIES,Desain 237,PA-0000237
PIN AKRILIK,PIN AKRILIK CUSTOM KPOP - HEARTS 2 HEARTS SERIES,Desain 238,PA-0000238
PIN AKRILIK,PIN AKRILIK CUSTOM KPOP - HEARTS 2 HEARTS SERIES,Desain 239,PA-0000239
PIN AKRILIK,PIN AKRILIK CUSTOM KPOP - HEARTS 2 HEARTS SERIES,Desain 240,PA-0000240
PIN AKRILIK,PIN AKRILIK CUSTOM KPOP - HEARTS 2 HEARTS SERIES,Desain 241,PA-0000241
PIN AKRILIK,PIN AKRILIK CUSTOM KPOP - HEARTS 2 HEARTS SERIES,Desain 242,PA-0000242
PIN AKRILIK,PIN AKRILIK CUSTOM KPOP - HEARTS 2 HEARTS SERIES,Desain 243,PA-0000243
PIN AKRILIK,PIN AKRILIK CUSTOM KPOP - HEARTS 2 HEARTS SERIES,Desain 244,PA-0000244
PIN AKRILIK,PIN AKRILIK CUSTOM KPOP - CORTIS SERIES,CUSTOM,PA-CUSTOM-01
PIN AKRILIK,PIN AKRILIK CUSTOM KPOP - BTS SERIES,CUSTOM,PA-CUSTOM-02
PIN AKRILIK,PIN AKRILIK CUSTOM KPOP - ENHYPEN SERIES,CUSTOM,PA-CUSTOM-03
PIN AKRILIK,PIN AKRILIK CUSTOM KPOP - BLACKPINK SERIES,CUSTOM,PA-CUSTOM-04
PIN BUTTON,PIN BUTTON CUSTOM KPOP - CORTIS SERIES,Desain 01,PB-0000001
PIN BUTTON,PIN BUTTON CUSTOM KPOP - CORTIS SERIES,Desain 02,PB-0000002
PIN BUTTON,PIN BUTTON CUSTOM KPOP - CORTIS SERIES,Desain 03,PB-0000003
PIN BUTTON,PIN BUTTON CUSTOM KPOP - CORTIS SERIES,Desain 04,PB-0000004
PIN BUTTON,PIN BUTTON CUSTOM KPOP - CORTIS SERIES,Desain 05,PB-0000005
PIN BUTTON,PIN BUTTON CUSTOM KPOP - CORTIS SERIES,Desain 06,PB-0000006
PIN BUTTON,PIN BUTTON CUSTOM KPOP - CORTIS SERIES,Desain 07,PB-0000007
PIN BUTTON,PIN BUTTON CUSTOM KPOP - CORTIS SERIES,Desain 08,PB-0000008
PIN BUTTON,PIN BUTTON CUSTOM KPOP - CORTIS SERIES,Desain 09,PB-0000009
PIN BUTTON,PIN BUTTON CUSTOM KPOP - CORTIS SERIES,Desain 10,PB-0000010
PIN BUTTON,PIN BUTTON CUSTOM KPOP - CORTIS SERIES,Desain 11,PB-0000011
PIN BUTTON,PIN BUTTON CUSTOM KPOP - CORTIS SERIES,Desain 12,PB-0000012
PIN BUTTON,PIN BUTTON CUSTOM KPOP - CORTIS SERIES,Desain 13,PB-0000013
PIN BUTTON,PIN BUTTON CUSTOM KPOP - CORTIS SERIES,Desain 14,PB-0000014
PIN BUTTON,PIN BUTTON CUSTOM KPOP - CORTIS SERIES,Desain 15,PB-0000015
PIN BUTTON,PIN BUTTON CUSTOM KPOP - CORTIS SERIES,Desain 16,PB-0000016
PIN BUTTON,PIN BUTTON CUSTOM KPOP - CORTIS SERIES,Desain 17,PB-0000017
PIN BUTTON,PIN BUTTON CUSTOM KPOP - CORTIS SERIES,Desain 18,PB-0000018
PIN BUTTON,PIN BUTTON CUSTOM KPOP - CORTIS SERIES,Desain 19,PB-0000019
PIN BUTTON,PIN BUTTON CUSTOM KPOP - CORTIS SERIES,Desain 20,PB-0000020
PIN BUTTON,PIN BUTTON CUSTOM KPOP - CORTIS SERIES,Desain 21,PB-0000021
PIN BUTTON,PIN BUTTON CUSTOM KPOP - CORTIS SERIES,Desain 22,PB-0000022
PIN BUTTON,PIN BUTTON CUSTOM KPOP - CORTIS SERIES,Desain 23,PB-0000023
PIN BUTTON,PIN BUTTON CUSTOM KPOP - CORTIS SERIES,Desain 24,PB-0000024
PIN BUTTON,PIN BUTTON CUSTOM KPOP - CORTIS SERIES,Desain 25,PB-0000025
PIN BUTTON,PIN BUTTON CUSTOM KPOP - CORTIS SERIES,Desain 26,PB-0000026
PIN BUTTON,PIN BUTTON CUSTOM KPOP - CORTIS SERIES,Desain 27,PB-0000027
PIN BUTTON,PIN BUTTON CUSTOM KPOP - CORTIS SERIES,Desain 28,PB-0000028
PIN BUTTON,PIN BUTTON CUSTOM KPOP - CORTIS SERIES,Desain 29,PB-0000029
PIN BUTTON,PIN BUTTON CUSTOM KPOP - CORTIS SERIES,Desain 30,PB-0000030
PIN BUTTON,PIN BUTTON CUSTOM KPOP - CORTIS SERIES,Desain 31,PB-0000031
PIN BUTTON,PIN BUTTON CUSTOM KPOP - CORTIS SERIES,Desain 32,PB-0000032
PIN BUTTON,PIN BUTTON CUSTOM KPOP - CORTIS SERIES,Desain 33,PB-0000033
PIN BUTTON,PIN BUTTON CUSTOM KPOP - CORTIS SERIES,Desain 34,PB-0000034
PIN BUTTON,PIN BUTTON CUSTOM KPOP - CORTIS SERIES,Desain 35,PB-0000035
PIN BUTTON,PIN BUTTON CUSTOM KPOP - CORTIS SERIES,Desain 36,PB-0000036
PIN BUTTON,PIN BUTTON CUSTOM KPOP - CORTIS SERIES,Desain 37,PB-0000037
PIN BUTTON,PIN BUTTON CUSTOM KPOP - CORTIS SERIES,Desain 38,PB-0000038
PIN BUTTON,PIN BUTTON CUSTOM KPOP - CORTIS SERIES,Desain 39,PB-0000039
PIN BUTTON,PIN BUTTON CUSTOM KPOP - CORTIS SERIES,Desain 40,PB-0000040
PIN BUTTON,PIN BUTTON CUSTOM KPOP - CORTIS SERIES,Desain 41,PB-0000041
PIN BUTTON,PIN BUTTON CUSTOM KPOP - CORTIS SERIES,Desain 42,PB-0000042
PIN BUTTON,PIN BUTTON CUSTOM KPOP - CORTIS SERIES,Desain 43,PB-0000043
PIN BUTTON,PIN BUTTON CUSTOM KPOP - CORTIS SERIES,Desain 44,PB-0000044
PIN BUTTON,PIN BUTTON CUSTOM KPOP - CORTIS SERIES,Desain 45,PB-0000045
PIN BUTTON,PIN BUTTON CUSTOM KPOP - CORTIS SERIES,Desain 46,PB-0000046
PIN BUTTON,PIN BUTTON CUSTOM KPOP - CORTIS SERIES,Desain 47,PB-0000047
PIN BUTTON,PIN BUTTON CUSTOM KPOP - CORTIS SERIES,Desain 48,PB-0000048
PIN BUTTON,PIN BUTTON CUSTOM KPOP - CORTIS SERIES,Desain 49,PB-0000049
PIN BUTTON,PIN BUTTON CUSTOM KPOP - CORTIS SERIES,Desain 50,PB-0000050
PIN BUTTON,PIN BUTTON CUSTOM KPOP - BTS SERIES,Desain 51,PB-0000051
PIN BUTTON,PIN BUTTON CUSTOM KPOP - BTS SERIES,Desain 52,PB-0000052
PIN BUTTON,PIN BUTTON CUSTOM KPOP - BTS SERIES,Desain 53,PB-0000053
PIN BUTTON,PIN BUTTON CUSTOM KPOP - BTS SERIES,Desain 54,PB-0000054
PIN BUTTON,PIN BUTTON CUSTOM KPOP - BTS SERIES,Desain 55,PB-0000055
PIN BUTTON,PIN BUTTON CUSTOM KPOP - BTS SERIES,Desain 56,PB-0000056
PIN BUTTON,PIN BUTTON CUSTOM KPOP - BTS SERIES,Desain 57,PB-0000057
PIN BUTTON,PIN BUTTON CUSTOM KPOP - BTS SERIES,Desain 58,PB-0000058
PIN BUTTON,PIN BUTTON CUSTOM KPOP - BTS SERIES,Desain 59,PB-0000059
PIN BUTTON,PIN BUTTON CUSTOM KPOP - BTS SERIES,Desain 60,PB-0000060
PIN BUTTON,PIN BUTTON CUSTOM KPOP - BTS SERIES,Desain 61,PB-0000061
PIN BUTTON,PIN BUTTON CUSTOM KPOP - BTS SERIES,Desain 62,PB-0000062
PIN BUTTON,PIN BUTTON CUSTOM KPOP - BTS SERIES,Desain 63,PB-0000063
PIN BUTTON,PIN BUTTON CUSTOM KPOP - BTS SERIES,Desain 64,PB-0000064
PIN BUTTON,PIN BUTTON CUSTOM KPOP - BTS SERIES,Desain 65,PB-0000065
PIN BUTTON,PIN BUTTON CUSTOM KPOP - BTS SERIES,Desain 66,PB-0000066
PIN BUTTON,PIN BUTTON CUSTOM KPOP - BTS SERIES,Desain 67,PB-0000067
PIN BUTTON,PIN BUTTON CUSTOM KPOP - BTS SERIES,Desain 68,PB-0000068
PIN BUTTON,PIN BUTTON CUSTOM KPOP - BTS SERIES,Desain 69,PB-0000069
PIN BUTTON,PIN BUTTON CUSTOM KPOP - BTS SERIES,Desain 70,PB-0000070
PIN BUTTON,PIN BUTTON CUSTOM KPOP - BTS SERIES,Desain 71,PB-0000071
PIN BUTTON,PIN BUTTON CUSTOM KPOP - BTS SERIES,Desain 72,PB-0000072
PIN BUTTON,PIN BUTTON CUSTOM KPOP - BTS SERIES,Desain 73,PB-0000073
PIN BUTTON,PIN BUTTON CUSTOM KPOP - BTS SERIES,Desain 74,PB-0000074
PIN BUTTON,PIN BUTTON CUSTOM KPOP - BTS SERIES,Desain 75,PB-0000075
PIN BUTTON,PIN BUTTON CUSTOM KPOP - BTS SERIES,Desain 76,PB-0000076
PIN BUTTON,PIN BUTTON CUSTOM KPOP - BTS SERIES,Desain 77,PB-0000077
PIN BUTTON,PIN BUTTON CUSTOM KPOP - BTS SERIES,Desain 78,PB-0000078
PIN BUTTON,PIN BUTTON CUSTOM KPOP - BTS SERIES,Desain 79,PB-0000079
PIN BUTTON,PIN BUTTON CUSTOM KPOP - BTS SERIES,Desain 80,PB-0000080
PIN BUTTON,PIN BUTTON CUSTOM KPOP - BTS SERIES,Desain 81,PB-0000081
PIN BUTTON,PIN BUTTON CUSTOM KPOP - BTS SERIES,Desain 82,PB-0000082
PIN BUTTON,PIN BUTTON CUSTOM KPOP - BTS SERIES,Desain 83,PB-0000083
PIN BUTTON,PIN BUTTON CUSTOM KPOP - BTS SERIES,Desain 84,PB-0000084
PIN BUTTON,PIN BUTTON CUSTOM KPOP - BTS SERIES,Desain 85,PB-0000085
PIN BUTTON,PIN BUTTON CUSTOM KPOP - BTS SERIES,Desain 86,PB-0000086
PIN BUTTON,PIN BUTTON CUSTOM KPOP - BTS SERIES,Desain 87,PB-0000087
PIN BUTTON,PIN BUTTON CUSTOM KPOP - BTS SERIES,Desain 88,PB-0000088
PIN BUTTON,PIN BUTTON CUSTOM KPOP - BTS SERIES,Desain 89,PB-0000089
PIN BUTTON,PIN BUTTON CUSTOM KPOP - BTS SERIES,Desain 90,PB-0000090
PIN BUTTON,PIN BUTTON CUSTOM KPOP - BTS SERIES,Desain 91,PB-0000091
PIN BUTTON,PIN BUTTON CUSTOM KPOP - BTS SERIES,Desain 92,PB-0000092
PIN BUTTON,PIN BUTTON CUSTOM KPOP - BTS SERIES,Desain 93,PB-0000093
PIN BUTTON,PIN BUTTON CUSTOM KPOP - BTS SERIES,Desain 94,PB-0000094
PIN BUTTON,PIN BUTTON CUSTOM KPOP - BTS SERIES,Desain 95,PB-0000095
PIN BUTTON,PIN BUTTON CUSTOM KPOP - BTS SERIES,Desain 96,PB-0000096
PIN BUTTON,PIN BUTTON CUSTOM KPOP - BTS SERIES,Desain 97,PB-0000097
PIN BUTTON,PIN BUTTON CUSTOM KPOP - BTS SERIES,Desain 98,PB-0000098
PIN BUTTON,PIN BUTTON CUSTOM KPOP - BTS SERIES,Desain 99,PB-0000099
PIN BUTTON,PIN BUTTON CUSTOM KPOP - BTS SERIES,Desain 100,PB-0000100
PIN BUTTON,PIN BUTTON CUSTOM KPOP - ENHYPEN SERIES,Desain 101,PB-0000101
PIN BUTTON,PIN BUTTON CUSTOM KPOP - ENHYPEN SERIES,Desain 102,PB-0000102
PIN BUTTON,PIN BUTTON CUSTOM KPOP - ENHYPEN SERIES,Desain 103,PB-0000103
PIN BUTTON,PIN BUTTON CUSTOM KPOP - ENHYPEN SERIES,Desain 104,PB-0000104
PIN BUTTON,PIN BUTTON CUSTOM KPOP - ENHYPEN SERIES,Desain 105,PB-0000105
PIN BUTTON,PIN BUTTON CUSTOM KPOP - ENHYPEN SERIES,Desain 106,PB-0000106
PIN BUTTON,PIN BUTTON CUSTOM KPOP - ENHYPEN SERIES,Desain 107,PB-0000107
PIN BUTTON,PIN BUTTON CUSTOM KPOP - ENHYPEN SERIES,Desain 108,PB-0000108
PIN BUTTON,PIN BUTTON CUSTOM KPOP - ENHYPEN SERIES,Desain 109,PB-0000109
PIN BUTTON,PIN BUTTON CUSTOM KPOP - ENHYPEN SERIES,Desain 110,PB-0000110
PIN BUTTON,PIN BUTTON CUSTOM KPOP - ENHYPEN SERIES,Desain 111,PB-0000111
PIN BUTTON,PIN BUTTON CUSTOM KPOP - ENHYPEN SERIES,Desain 112,PB-0000112
PIN BUTTON,PIN BUTTON CUSTOM KPOP - ENHYPEN SERIES,Desain 113,PB-0000113
PIN BUTTON,PIN BUTTON CUSTOM KPOP - ENHYPEN SERIES,Desain 114,PB-0000114
PIN BUTTON,PIN BUTTON CUSTOM KPOP - ENHYPEN SERIES,Desain 115,PB-0000115
PIN BUTTON,PIN BUTTON CUSTOM KPOP - ENHYPEN SERIES,Desain 116,PB-0000116
PIN BUTTON,PIN BUTTON CUSTOM KPOP - ENHYPEN SERIES,Desain 117,PB-0000117
PIN BUTTON,PIN BUTTON CUSTOM KPOP - ENHYPEN SERIES,Desain 118,PB-0000118
PIN BUTTON,PIN BUTTON CUSTOM KPOP - ENHYPEN SERIES,Desain 119,PB-0000119
PIN BUTTON,PIN BUTTON CUSTOM KPOP - ENHYPEN SERIES,Desain 120,PB-0000120
PIN BUTTON,PIN BUTTON CUSTOM KPOP - ENHYPEN SERIES,Desain 121,PB-0000121
PIN BUTTON,PIN BUTTON CUSTOM KPOP - ENHYPEN SERIES,Desain 122,PB-0000122
PIN BUTTON,PIN BUTTON CUSTOM KPOP - ENHYPEN SERIES,Desain 123,PB-0000123
PIN BUTTON,PIN BUTTON CUSTOM KPOP - ENHYPEN SERIES,Desain 124,PB-0000124
PIN BUTTON,PIN BUTTON CUSTOM KPOP - ENHYPEN SERIES,Desain 125,PB-0000125
PIN BUTTON,PIN BUTTON CUSTOM KPOP - ENHYPEN SERIES,Desain 126,PB-0000126
PIN BUTTON,PIN BUTTON CUSTOM KPOP - ENHYPEN SERIES,Desain 127,PB-0000127
PIN BUTTON,PIN BUTTON CUSTOM KPOP - ENHYPEN SERIES,Desain 128,PB-0000128
PIN BUTTON,PIN BUTTON CUSTOM KPOP - ENHYPEN SERIES,Desain 129,PB-0000129
PIN BUTTON,PIN BUTTON CUSTOM KPOP - ENHYPEN SERIES,Desain 130,PB-0000130
PIN BUTTON,PIN BUTTON CUSTOM KPOP - ENHYPEN SERIES,Desain 131,PB-0000131
PIN BUTTON,PIN BUTTON CUSTOM KPOP - ENHYPEN SERIES,Desain 132,PB-0000132
PIN BUTTON,PIN BUTTON CUSTOM KPOP - ENHYPEN SERIES,Desain 133,PB-0000133
PIN BUTTON,PIN BUTTON CUSTOM KPOP - ENHYPEN SERIES,Desain 134,PB-0000134
PIN BUTTON,PIN BUTTON CUSTOM KPOP - ENHYPEN SERIES,Desain 135,PB-0000135
PIN BUTTON,PIN BUTTON CUSTOM KPOP - ENHYPEN SERIES,Desain 136,PB-0000136
PIN BUTTON,PIN BUTTON CUSTOM KPOP - ENHYPEN SERIES,Desain 137,PB-0000137
PIN BUTTON,PIN BUTTON CUSTOM KPOP - ENHYPEN SERIES,Desain 138,PB-0000138
PIN BUTTON,PIN BUTTON CUSTOM KPOP - ENHYPEN SERIES,Desain 139,PB-0000139
PIN BUTTON,PIN BUTTON CUSTOM KPOP - ENHYPEN SERIES,Desain 140,PB-0000140
PIN BUTTON,PIN BUTTON CUSTOM KPOP - ENHYPEN SERIES,Desain 141,PB-0000141
PIN BUTTON,PIN BUTTON CUSTOM KPOP - ENHYPEN SERIES,Desain 142,PB-0000142
PIN BUTTON,PIN BUTTON CUSTOM KPOP - ENHYPEN SERIES,Desain 143,PB-0000143
PIN BUTTON,PIN BUTTON CUSTOM KPOP - ENHYPEN SERIES,Desain 144,PB-0000144
PIN BUTTON,PIN BUTTON CUSTOM KPOP - ENHYPEN SERIES,Desain 145,PB-0000145
PIN BUTTON,PIN BUTTON CUSTOM KPOP - ENHYPEN SERIES,Desain 146,PB-0000146
PIN BUTTON,PIN BUTTON CUSTOM KPOP - ENHYPEN SERIES,Desain 147,PB-0000147
PIN BUTTON,PIN BUTTON CUSTOM KPOP - ENHYPEN SERIES,Desain 148,PB-0000148
PIN BUTTON,PIN BUTTON CUSTOM KPOP - ENHYPEN SERIES,Desain 149,PB-0000149
PIN BUTTON,PIN BUTTON CUSTOM KPOP - ENHYPEN SERIES,Desain 150,PB-0000150
PIN BUTTON,PIN BUTTON CUSTOM KPOP - BLACKPINK SERIES,Desain 151,PB-0000151
PIN BUTTON,PIN BUTTON CUSTOM KPOP - BLACKPINK SERIES,Desain 152,PB-0000152
PIN BUTTON,PIN BUTTON CUSTOM KPOP - BLACKPINK SERIES,Desain 153,PB-0000153
PIN BUTTON,PIN BUTTON CUSTOM KPOP - BLACKPINK SERIES,Desain 154,PB-0000154
PIN BUTTON,PIN BUTTON CUSTOM KPOP - BLACKPINK SERIES,Desain 155,PB-0000155
PIN BUTTON,PIN BUTTON CUSTOM KPOP - BLACKPINK SERIES,Desain 156,PB-0000156
PIN BUTTON,PIN BUTTON CUSTOM KPOP - BLACKPINK SERIES,Desain 157,PB-0000157
PIN BUTTON,PIN BUTTON CUSTOM KPOP - BLACKPINK SERIES,Desain 158,PB-0000158
PIN BUTTON,PIN BUTTON CUSTOM KPOP - BLACKPINK SERIES,Desain 159,PB-0000159
PIN BUTTON,PIN BUTTON CUSTOM KPOP - BLACKPINK SERIES,Desain 160,PB-0000160
PIN BUTTON,PIN BUTTON CUSTOM KPOP - BLACKPINK SERIES,Desain 161,PB-0000161
PIN BUTTON,PIN BUTTON CUSTOM KPOP - BLACKPINK SERIES,Desain 162,PB-0000162
PIN BUTTON,PIN BUTTON CUSTOM KPOP - BLACKPINK SERIES,Desain 163,PB-0000163
PIN BUTTON,PIN BUTTON CUSTOM KPOP - BLACKPINK SERIES,Desain 164,PB-0000164
PIN BUTTON,PIN BUTTON CUSTOM KPOP - BLACKPINK SERIES,Desain 165,PB-0000165
PIN BUTTON,PIN BUTTON CUSTOM KPOP - BLACKPINK SERIES,Desain 166,PB-0000166
PIN BUTTON,PIN BUTTON CUSTOM KPOP - BLACKPINK SERIES,Desain 167,PB-0000167
PIN BUTTON,PIN BUTTON CUSTOM KPOP - BLACKPINK SERIES,Desain 168,PB-0000168
PIN BUTTON,PIN BUTTON CUSTOM KPOP - BLACKPINK SERIES,Desain 169,PB-0000169
PIN BUTTON,PIN BUTTON CUSTOM KPOP - BLACKPINK SERIES,Desain 170,PB-0000170
PIN BUTTON,PIN BUTTON CUSTOM KPOP - BLACKPINK SERIES,Desain 171,PB-0000171
PIN BUTTON,PIN BUTTON CUSTOM KPOP - BLACKPINK SERIES,Desain 172,PB-0000172
PIN BUTTON,PIN BUTTON CUSTOM KPOP - BLACKPINK SERIES,Desain 173,PB-0000173
PIN BUTTON,PIN BUTTON CUSTOM KPOP - BLACKPINK SERIES,Desain 174,PB-0000174
PIN BUTTON,PIN BUTTON CUSTOM KPOP - BLACKPINK SERIES,Desain 175,PB-0000175
PIN BUTTON,PIN BUTTON CUSTOM KPOP - BLACKPINK SERIES,Desain 176,PB-0000176
PIN BUTTON,PIN BUTTON CUSTOM KPOP - BLACKPINK SERIES,Desain 177,PB-0000177
PIN BUTTON,PIN BUTTON CUSTOM KPOP - BLACKPINK SERIES,Desain 178,PB-0000178
PIN BUTTON,PIN BUTTON CUSTOM KPOP - BLACKPINK SERIES,Desain 179,PB-0000179
PIN BUTTON,PIN BUTTON CUSTOM KPOP - BLACKPINK SERIES,Desain 180,PB-0000180
PIN BUTTON,PIN BUTTON CUSTOM KPOP - BLACKPINK SERIES,Desain 181,PB-0000181
PIN BUTTON,PIN BUTTON CUSTOM KPOP - BLACKPINK SERIES,Desain 182,PB-0000182
PIN BUTTON,PIN BUTTON CUSTOM KPOP - BLACKPINK SERIES,Desain 183,PB-0000183
PIN BUTTON,PIN BUTTON CUSTOM KPOP - BLACKPINK SERIES,Desain 184,PB-0000184
PIN BUTTON,PIN BUTTON CUSTOM KPOP - BLACKPINK SERIES,Desain 185,PB-0000185
PIN BUTTON,PIN BUTTON CUSTOM KPOP - BLACKPINK SERIES,Desain 186,PB-0000186
PIN BUTTON,PIN BUTTON CUSTOM KPOP - BLACKPINK SERIES,Desain 187,PB-0000187
PIN BUTTON,PIN BUTTON CUSTOM KPOP - BLACKPINK SERIES,Desain 188,PB-0000188
PIN BUTTON,PIN BUTTON CUSTOM KPOP - BLACKPINK SERIES,Desain 189,PB-0000189
PIN BUTTON,PIN BUTTON CUSTOM KPOP - BLACKPINK SERIES,Desain 190,PB-0000190
PIN BUTTON,PIN BUTTON CUSTOM KPOP - BLACKPINK SERIES,Desain 191,PB-0000191
PIN BUTTON,PIN BUTTON CUSTOM KPOP - BLACKPINK SERIES,Desain 192,PB-0000192
PIN BUTTON,PIN BUTTON CUSTOM KPOP - BLACKPINK SERIES,Desain 193,PB-0000193
PIN BUTTON,PIN BUTTON CUSTOM KPOP - BLACKPINK SERIES,Desain 194,PB-0000194
PIN BUTTON,PIN BUTTON CUSTOM KPOP - BLACKPINK SERIES,Desain 195,PB-0000195
PIN BUTTON,PIN BUTTON CUSTOM KPOP - BLACKPINK SERIES,Desain 196,PB-0000196
PIN BUTTON,PIN BUTTON CUSTOM KPOP - BLACKPINK SERIES,Desain 197,PB-0000197
PIN BUTTON,PIN BUTTON CUSTOM KPOP - BLACKPINK SERIES,Desain 198,PB-0000198
PIN BUTTON,PIN BUTTON CUSTOM KPOP - BLACKPINK SERIES,Desain 199,PB-0000199
PIN BUTTON,PIN BUTTON CUSTOM KPOP - BLACKPINK SERIES,Desain 200,PB-0000200
PIN BUTTON,PIN BUTTON CUSTOM KPOP - HEARTS 2 HEARTS SERIES,Desain 201,PB-0000201
PIN BUTTON,PIN BUTTON CUSTOM KPOP - HEARTS 2 HEARTS SERIES,Desain 202,PB-0000202
PIN BUTTON,PIN BUTTON CUSTOM KPOP - HEARTS 2 HEARTS SERIES,Desain 203,PB-0000203
PIN BUTTON,PIN BUTTON CUSTOM KPOP - HEARTS 2 HEARTS SERIES,Desain 204,PB-0000204
PIN BUTTON,PIN BUTTON CUSTOM KPOP - HEARTS 2 HEARTS SERIES,Desain 205,PB-0000205
PIN BUTTON,PIN BUTTON CUSTOM KPOP - HEARTS 2 HEARTS SERIES,Desain 206,PB-0000206
PIN BUTTON,PIN BUTTON CUSTOM KPOP - HEARTS 2 HEARTS SERIES,Desain 207,PB-0000207
PIN BUTTON,PIN BUTTON CUSTOM KPOP - HEARTS 2 HEARTS SERIES,Desain 208,PB-0000208
PIN BUTTON,PIN BUTTON CUSTOM KPOP - HEARTS 2 HEARTS SERIES,Desain 209,PB-0000209
PIN BUTTON,PIN BUTTON CUSTOM KPOP - HEARTS 2 HEARTS SERIES,Desain 210,PB-0000210
PIN BUTTON,PIN BUTTON CUSTOM KPOP - HEARTS 2 HEARTS SERIES,Desain 211,PB-0000211
PIN BUTTON,PIN BUTTON CUSTOM KPOP - HEARTS 2 HEARTS SERIES,Desain 212,PB-0000212
PIN BUTTON,PIN BUTTON CUSTOM KPOP - HEARTS 2 HEARTS SERIES,Desain 213,PB-0000213
PIN BUTTON,PIN BUTTON CUSTOM KPOP - HEARTS 2 HEARTS SERIES,Desain 214,PB-0000214
PIN BUTTON,PIN BUTTON CUSTOM KPOP - HEARTS 2 HEARTS SERIES,Desain 215,PB-0000215
PIN BUTTON,PIN BUTTON CUSTOM KPOP - HEARTS 2 HEARTS SERIES,Desain 216,PB-0000216
PIN BUTTON,PIN BUTTON CUSTOM KPOP - HEARTS 2 HEARTS SERIES,Desain 217,PB-0000217
PIN BUTTON,PIN BUTTON CUSTOM KPOP - HEARTS 2 HEARTS SERIES,Desain 218,PB-0000218
PIN BUTTON,PIN BUTTON CUSTOM KPOP - HEARTS 2 HEARTS SERIES,Desain 219,PB-0000219
PIN BUTTON,PIN BUTTON CUSTOM KPOP - HEARTS 2 HEARTS SERIES,Desain 220,PB-0000220
PIN BUTTON,PIN BUTTON CUSTOM KPOP - HEARTS 2 HEARTS SERIES,Desain 221,PB-0000221
PIN BUTTON,PIN BUTTON CUSTOM KPOP - HEARTS 2 HEARTS SERIES,Desain 222,PB-0000222
PIN BUTTON,PIN BUTTON CUSTOM KPOP - HEARTS 2 HEARTS SERIES,Desain 223,PB-0000223
PIN BUTTON,PIN BUTTON CUSTOM KPOP - HEARTS 2 HEARTS SERIES,Desain 224,PB-0000224
PIN BUTTON,PIN BUTTON CUSTOM KPOP - HEARTS 2 HEARTS SERIES,Desain 225,PB-0000225
PIN BUTTON,PIN BUTTON CUSTOM KPOP - HEARTS 2 HEARTS SERIES,Desain 226,PB-0000226
PIN BUTTON,PIN BUTTON CUSTOM KPOP - HEARTS 2 HEARTS SERIES,Desain 227,PB-0000227
PIN BUTTON,PIN BUTTON CUSTOM KPOP - HEARTS 2 HEARTS SERIES,Desain 228,PB-0000228
PIN BUTTON,PIN BUTTON CUSTOM KPOP - HEARTS 2 HEARTS SERIES,Desain 229,PB-0000229
PIN BUTTON,PIN BUTTON CUSTOM KPOP - HEARTS 2 HEARTS SERIES,Desain 230,PB-0000230
PIN BUTTON,PIN BUTTON CUSTOM KPOP - HEARTS 2 HEARTS SERIES,Desain 231,PB-0000231
PIN BUTTON,PIN BUTTON CUSTOM KPOP - HEARTS 2 HEARTS SERIES,Desain 232,PB-0000232
PIN BUTTON,PIN BUTTON CUSTOM KPOP - HEARTS 2 HEARTS SERIES,Desain 233,PB-0000233
PIN BUTTON,PIN BUTTON CUSTOM KPOP - HEARTS 2 HEARTS SERIES,Desain 234,PB-0000234
PIN BUTTON,PIN BUTTON CUSTOM KPOP - HEARTS 2 HEARTS SERIES,Desain 235,PB-0000235
PIN BUTTON,PIN BUTTON CUSTOM KPOP - HEARTS 2 HEARTS SERIES,Desain 236,PB-0000236
PIN BUTTON,PIN BUTTON CUSTOM KPOP - HEARTS 2 HEARTS SERIES,Desain 237,PB-0000237
PIN BUTTON,PIN BUTTON CUSTOM KPOP - HEARTS 2 HEARTS SERIES,Desain 238,PB-0000238
PIN BUTTON,PIN BUTTON CUSTOM KPOP - HEARTS 2 HEARTS SERIES,Desain 239,PB-0000239
PIN BUTTON,PIN BUTTON CUSTOM KPOP - HEARTS 2 HEARTS SERIES,Desain 240,PB-0000240
PIN BUTTON,PIN BUTTON CUSTOM KPOP - HEARTS 2 HEARTS SERIES,Desain 241,PB-0000241
PIN BUTTON,PIN BUTTON CUSTOM KPOP - HEARTS 2 HEARTS SERIES,Desain 242,PB-0000242
PIN BUTTON,PIN BUTTON CUSTOM KPOP - HEARTS 2 HEARTS SERIES,Desain 243,PB-0000243
PIN BUTTON,PIN BUTTON CUSTOM KPOP - HEARTS 2 HEARTS SERIES,Desain 244,PB-0000244
PIN BUTTON,PIN BUTTON CUSTOM KPOP - CORTIS SERIES,CUSTOM,PB-CUSTOM-01
PIN BUTTON,PIN BUTTON CUSTOM KPOP - BTS SERIES,CUSTOM,PB-CUSTOM-02
PIN BUTTON,PIN BUTTON CUSTOM KPOP - ENHYPEN SERIES,CUSTOM,PB-CUSTOM-03
PIN BUTTON,PIN BUTTON CUSTOM KPOP - BLACKPINK SERIES,CUSTOM,PB-CUSTOM-04
